Source,Target,Type,Id,Label,timeset,Weight
158190387560587,214920142051670,Directed,0,,,1
158190387560587,155088471199849,Directed,1,,,1
158190387560587,1524779097779678,Directed,2,,,1
158190387560587,225695683920,Directed,3,,,1
158190387560587,126450910743068,Directed,4,,,1
158190387560587,62260589592,Directed,5,,,1
158190387560587,97041406678,Directed,6,,,1
158190387560587,14302129065,Directed,7,,,1
158190387560587,148349507804,Directed,8,,,1
158190387560587,274992429193756,Directed,9,,,1
158190387560587,275454095938554,Directed,10,,,1
158190387560587,324978082784,Directed,11,,,1
158190387560587,110955563771,Directed,12,,,1
158190387560587,970102866336353,Directed,13,,,1
158190387560587,193631447514110,Directed,14,,,1
158190387560587,468651299852439,Directed,15,,,1
158190387560587,817856801562594,Directed,16,,,1
158190387560587,287748444683052,Directed,17,,,1
158190387560587,1779909538943763,Directed,18,,,1
158190387560587,438973352975895,Directed,19,,,1
158190387560587,307867347023,Directed,20,,,1
214920142051670,354150288106600,Directed,21,,,1
214920142051670,333705480171682,Directed,22,,,1
214920142051670,148025418658307,Directed,23,,,1
214920142051670,113832645368292,Directed,24,,,1
214920142051670,635962713207245,Directed,25,,,1
214920142051670,418592904995232,Directed,26,,,1
214920142051670,1621221168148375,Directed,27,,,1
214920142051670,583181875117786,Directed,28,,,1
214920142051670,118465851142,Directed,29,,,1
214920142051670,399606216901382,Directed,30,,,1
214920142051670,192669784168,Directed,31,,,1
214920142051670,663248913807492,Directed,32,,,1
214920142051670,126450910743068,Directed,33,,,1
214920142051670,100150961991,Directed,34,,,1
214920142051670,111841478834264,Directed,35,,,1
214920142051670,1504195516527269,Directed,36,,,1
214920142051670,190240301020051,Directed,37,,,1
155088471199849,110020299887,Directed,38,,,1
155088471199849,411890848859847,Directed,39,,,1
155088471199849,248362585349365,Directed,40,,,1
155088471199849,1436497756637713,Directed,41,,,1
155088471199849,166059236849588,Directed,42,,,1
155088471199849,205041803007679,Directed,43,,,1
155088471199849,611845628855418,Directed,44,,,1
225695683920,1224359854257386,Directed,45,,,1
225695683920,531169226939488,Directed,46,,,1
225695683920,160045201668,Directed,47,,,1
126450910743068,1248994028541934,Directed,48,,,1
126450910743068,837731992980860,Directed,49,,,1
126450910743068,1505556959701655,Directed,50,,,1
126450910743068,438666082895800,Directed,51,,,1
126450910743068,262797673919596,Directed,52,,,1
126450910743068,651746891549319,Directed,53,,,1
126450910743068,10675081307,Directed,54,,,1
126450910743068,242961242501087,Directed,55,,,1
126450910743068,124008791000088,Directed,56,,,1
126450910743068,160764157371498,Directed,57,,,1
126450910743068,261660823858377,Directed,58,,,1
126450910743068,293220964066110,Directed,59,,,1
126450910743068,326719157533529,Directed,60,,,1
126450910743068,238368012902228,Directed,61,,,1
126450910743068,168505733291331,Directed,62,,,1
126450910743068,123843407779700,Directed,63,,,1
126450910743068,558686477511502,Directed,64,,,1
126450910743068,425077137600423,Directed,65,,,1
126450910743068,334665666667030,Directed,66,,,1
126450910743068,81174647292,Directed,67,,,1
126450910743068,106661462736035,Directed,68,,,1
126450910743068,185914954790122,Directed,69,,,1
126450910743068,455302404484122,Directed,70,,,1
126450910743068,180981105390627,Directed,71,,,1
126450910743068,270722486331943,Directed,72,,,1
126450910743068,118316431545225,Directed,73,,,1
126450910743068,517701968335175,Directed,74,,,1
126450910743068,145661615452159,Directed,75,,,1
126450910743068,164561860226839,Directed,76,,,1
126450910743068,1393875997536100,Directed,77,,,1
126450910743068,1458628031024364,Directed,78,,,1
126450910743068,447557968624006,Directed,79,,,1
126450910743068,57466576449,Directed,80,,,1
126450910743068,1422144111347618,Directed,81,,,1
126450910743068,110258935668204,Directed,82,,,1
126450910743068,122546285496,Directed,83,,,1
126450910743068,487057484710122,Directed,84,,,1
126450910743068,260658197440278,Directed,85,,,1
126450910743068,233496120151869,Directed,86,,,1
126450910743068,311865825370,Directed,87,,,1
126450910743068,171723049615001,Directed,88,,,1
126450910743068,121139574629636,Directed,89,,,1
126450910743068,103331193141294,Directed,90,,,1
126450910743068,377392275725373,Directed,91,,,1
126450910743068,550744801619236,Directed,92,,,1
126450910743068,1388069658090312,Directed,93,,,1
126450910743068,107369075998240,Directed,94,,,1
126450910743068,170631473120700,Directed,95,,,1
126450910743068,152642552902,Directed,96,,,1
126450910743068,396969697034357,Directed,97,,,1
126450910743068,171280749364,Directed,98,,,1
126450910743068,148349507804,Directed,99,,,1
126450910743068,14302129065,Directed,100,,,1
126450910743068,531169226939488,Directed,101,,,1
126450910743068,201698999851422,Directed,102,,,1
126450910743068,254250644684216,Directed,103,,,1
126450910743068,81679398478,Directed,104,,,1
126450910743068,123633531001777,Directed,105,,,1
126450910743068,488989281142595,Directed,106,,,1
126450910743068,187289201341497,Directed,107,,,1
126450910743068,233717086763405,Directed,108,,,1
126450910743068,208782005831922,Directed,109,,,1
126450910743068,561885977196082,Directed,110,,,1
126450910743068,671093102916100,Directed,111,,,1
126450910743068,102623655016,Directed,112,,,1
126450910743068,40360933216,Directed,113,,,1
126450910743068,35106632719,Directed,114,,,1
126450910743068,221864415555,Directed,115,,,1
126450910743068,146040298774725,Directed,116,,,1
126450910743068,130379783504,Directed,117,,,1
126450910743068,218449254862870,Directed,118,,,1
126450910743068,207744539290381,Directed,119,,,1
126450910743068,162148900775,Directed,120,,,1
62260589592,315077935194478,Directed,121,,,1
62260589592,277389319742,Directed,122,,,1
62260589592,108910425816126,Directed,123,,,1
62260589592,108563442514627,Directed,124,,,1
62260589592,97041406678,Directed,125,,,1
97041406678,1749076975337065,Directed,126,,,1
97041406678,213274742018085,Directed,127,,,1
97041406678,89146619663,Directed,128,,,1
97041406678,245426415493484,Directed,129,,,1
97041406678,187013059865,Directed,130,,,1
97041406678,350024555144315,Directed,131,,,1
97041406678,108563442514627,Directed,132,,,1
97041406678,322412097850538,Directed,133,,,1
97041406678,1438604439718519,Directed,134,,,1
97041406678,111036072275150,Directed,135,,,1
97041406678,110505255635707,Directed,136,,,1
97041406678,108910425816126,Directed,137,,,1
97041406678,62260589592,Directed,138,,,1
97041406678,78522143212,Directed,139,,,1
14302129065,179562315893006,Directed,140,,,1
14302129065,182236035192216,Directed,141,,,1
14302129065,1597659560553215,Directed,142,,,1
14302129065,1794731260742414,Directed,143,,,1
14302129065,127030877316644,Directed,144,,,1
14302129065,130180763686565,Directed,145,,,1
14302129065,470933219592244,Directed,146,,,1
14302129065,266730506675570,Directed,147,,,1
14302129065,126426617306,Directed,148,,,1
14302129065,364952298734,Directed,149,,,1
14302129065,51955958533,Directed,150,,,1
14302129065,34526043062,Directed,151,,,1
148349507804,298847246887863,Directed,152,,,1
148349507804,870527656350638,Directed,153,,,1
148349507804,31790012966,Directed,154,,,1
148349507804,13062429163,Directed,155,,,1
148349507804,137828846250783,Directed,156,,,1
148349507804,126862714087148,Directed,157,,,1
148349507804,16559501177,Directed,158,,,1
148349507804,268002449983847,Directed,159,,,1
148349507804,471240562977608,Directed,160,,,1
148349507804,6250307292,Directed,161,,,1
148349507804,197366683625688,Directed,162,,,1
148349507804,238238826282196,Directed,163,,,1
148349507804,310528472415350,Directed,164,,,1
148349507804,413225412022474,Directed,165,,,1
148349507804,99109427641,Directed,166,,,1
148349507804,26399672578,Directed,167,,,1
148349507804,137510846272686,Directed,168,,,1
148349507804,373183779384701,Directed,169,,,1
148349507804,186676354713214,Directed,170,,,1
148349507804,136305639827113,Directed,171,,,1
148349507804,174673405887258,Directed,172,,,1
148349507804,409547372452050,Directed,173,,,1
148349507804,122924687718543,Directed,174,,,1
148349507804,122362417781757,Directed,175,,,1
148349507804,117949204905262,Directed,176,,,1
148349507804,293220964066110,Directed,177,,,1
148349507804,150019795947,Directed,178,,,1
148349507804,257513290653,Directed,179,,,1
148349507804,243352355758573,Directed,180,,,1
148349507804,261001683972731,Directed,181,,,1
148349507804,216439283312,Directed,182,,,1
148349507804,181119939152,Directed,183,,,1
148349507804,293781023993386,Directed,184,,,1
148349507804,547325871981471,Directed,185,,,1
148349507804,100355313370538,Directed,186,,,1
148349507804,156874494863,Directed,187,,,1
148349507804,251673968209889,Directed,188,,,1
148349507804,151362154883667,Directed,189,,,1
148349507804,220591174442,Directed,190,,,1
148349507804,209539035765518,Directed,191,,,1
148349507804,228863717129510,Directed,192,,,1
148349507804,121462904591649,Directed,193,,,1
148349507804,174830055888739,Directed,194,,,1
148349507804,23497828950,Directed,195,,,1
148349507804,153194306605,Directed,196,,,1
148349507804,104516191689,Directed,197,,,1
148349507804,281595673240,Directed,198,,,1
148349507804,43117192326,Directed,199,,,1
148349507804,83065559474,Directed,200,,,1
148349507804,128307602590,Directed,201,,,1
148349507804,87384950094,Directed,202,,,1
148349507804,30250538961,Directed,203,,,1
274992429193756,242859757551,Directed,204,,,1
274992429193756,1099667270064879,Directed,205,,,1
274992429193756,144494645722850,Directed,206,,,1
274992429193756,1471695506485858,Directed,207,,,1
274992429193756,224376294396507,Directed,208,,,1
274992429193756,1429738763983023,Directed,209,,,1
274992429193756,543080605769287,Directed,210,,,1
274992429193756,1432706033698293,Directed,211,,,1
274992429193756,1421190264772690,Directed,212,,,1
274992429193756,359042220838699,Directed,213,,,1
274992429193756,415830391889166,Directed,214,,,1
274992429193756,107880289244796,Directed,215,,,1
274992429193756,739241739447000,Directed,216,,,1
274992429193756,442580419160318,Directed,217,,,1
274992429193756,1445209502398453,Directed,218,,,1
274992429193756,587100441378081,Directed,219,,,1
274992429193756,130684946959309,Directed,220,,,1
274992429193756,140261829437155,Directed,221,,,1
274992429193756,463250697028789,Directed,222,,,1
274992429193756,104458723077298,Directed,223,,,1
274992429193756,100186046779162,Directed,224,,,1
274992429193756,105140819592874,Directed,225,,,1
274992429193756,114115315337739,Directed,226,,,1
274992429193756,226292350758981,Directed,227,,,1
274992429193756,596964027002589,Directed,228,,,1
274992429193756,206088086251467,Directed,229,,,1
274992429193756,191289650948825,Directed,230,,,1
274992429193756,238669429644724,Directed,231,,,1
274992429193756,521456841266240,Directed,232,,,1
274992429193756,107967132666842,Directed,233,,,1
274992429193756,256044471099295,Directed,234,,,1
274992429193756,159764164040161,Directed,235,,,1
274992429193756,361791060616938,Directed,236,,,1
274992429193756,410837459022513,Directed,237,,,1
274992429193756,124200474393063,Directed,238,,,1
274992429193756,223168544506227,Directed,239,,,1
274992429193756,387729587997469,Directed,240,,,1
274992429193756,290539771077028,Directed,241,,,1
274992429193756,414382672024263,Directed,242,,,1
274992429193756,611512508869515,Directed,243,,,1
274992429193756,186648548104419,Directed,244,,,1
274992429193756,416458641715558,Directed,245,,,1
274992429193756,186232664870032,Directed,246,,,1
274992429193756,612291142146684,Directed,247,,,1
274992429193756,523095624441232,Directed,248,,,1
274992429193756,590846014308895,Directed,249,,,1
274992429193756,136754833058809,Directed,250,,,1
274992429193756,631311030217900,Directed,251,,,1
274992429193756,346730152065281,Directed,252,,,1
274992429193756,546782255345486,Directed,253,,,1
274992429193756,449911195028060,Directed,254,,,1
274992429193756,232287230205457,Directed,255,,,1
274992429193756,260208470776861,Directed,256,,,1
274992429193756,275845552527106,Directed,257,,,1
274992429193756,195184647254034,Directed,258,,,1
274992429193756,284260788250964,Directed,259,,,1
274992429193756,156503417751582,Directed,260,,,1
274992429193756,183649225024927,Directed,261,,,1
274992429193756,57022040758,Directed,262,,,1
274992429193756,124948924224350,Directed,263,,,1
274992429193756,216439283312,Directed,264,,,1
274992429193756,189924944361205,Directed,265,,,1
274992429193756,194229153972356,Directed,266,,,1
275454095938554,1629939867277458,Directed,267,,,1
275454095938554,1508014412803227,Directed,268,,,1
275454095938554,1506119609658663,Directed,269,,,1
275454095938554,168743617253,Directed,270,,,1
275454095938554,409862902386669,Directed,271,,,1
275454095938554,259734367425344,Directed,272,,,1
275454095938554,817856801562594,Directed,273,,,1
275454095938554,298067193732972,Directed,274,,,1
275454095938554,110505715638171,Directed,275,,,1
275454095938554,406640272742843,Directed,276,,,1
275454095938554,100132046833626,Directed,277,,,1
275454095938554,1401242116757930,Directed,278,,,1
275454095938554,326797144544,Directed,279,,,1
275454095938554,1413085582280482,Directed,280,,,1
275454095938554,123243941056130,Directed,281,,,1
275454095938554,279350617739,Directed,282,,,1
275454095938554,97041406678,Directed,283,,,1
275454095938554,409062972558113,Directed,284,,,1
275454095938554,158190387560587,Directed,285,,,1
275454095938554,193631447514110,Directed,286,,,1
275454095938554,162789783747966,Directed,287,,,1
275454095938554,151596644901231,Directed,288,,,1
275454095938554,1645725225708665,Directed,289,,,1
275454095938554,431532453536925,Directed,290,,,1
275454095938554,307867347023,Directed,291,,,1
324978082784,1490824904542864,Directed,292,,,1
110955563771,254672267943304,Directed,293,,,1
110955563771,420594668109932,Directed,294,,,1
970102866336353,1583529498599630,Directed,295,,,1
970102866336353,454884748003853,Directed,296,,,1
193631447514110,108379099286148,Directed,297,,,1
193631447514110,152369524855313,Directed,298,,,1
193631447514110,17136313137,Directed,299,,,1
193631447514110,97041406678,Directed,300,,,1
193631447514110,14302129065,Directed,301,,,1
193631447514110,582169155148474,Directed,302,,,1
193631447514110,21793473043,Directed,303,,,1
193631447514110,148349507804,Directed,304,,,1
193631447514110,186676354713214,Directed,305,,,1
193631447514110,55432788477,Directed,306,,,1
193631447514110,438113889610097,Directed,307,,,1
193631447514110,1594162734205923,Directed,308,,,1
193631447514110,1608370549417983,Directed,309,,,1
193631447514110,191841854203209,Directed,310,,,1
193631447514110,508408712654707,Directed,311,,,1
193631447514110,858798520870014,Directed,312,,,1
193631447514110,829804810366956,Directed,313,,,1
193631447514110,298995413558534,Directed,314,,,1
193631447514110,51946639172,Directed,315,,,1
193631447514110,7832289087,Directed,316,,,1
193631447514110,1422202204746857,Directed,317,,,1
193631447514110,146881602044017,Directed,318,,,1
468651299852439,1589010604682631,Directed,319,,,1
468651299852439,163566147024734,Directed,320,,,1
468651299852439,432551683541698,Directed,321,,,1
817856801562594,1592784364308726,Directed,322,,,1
817856801562594,158190387560587,Directed,323,,,1
817856801562594,371248909584229,Directed,324,,,1
817856801562594,193631447514110,Directed,325,,,1
287748444683052,334273859939528,Directed,326,,,1
287748444683052,991864984168598,Directed,327,,,1
287748444683052,280395962029361,Directed,328,,,1
287748444683052,1413085582280482,Directed,329,,,1
287748444683052,494796217322155,Directed,330,,,1
287748444683052,158190387560587,Directed,331,,,1
287748444683052,515600455164384,Directed,332,,,1
287748444683052,1779909538943763,Directed,333,,,1
287748444683052,307867347023,Directed,334,,,1
287748444683052,193631447514110,Directed,335,,,1
287748444683052,159848270795155,Directed,336,,,1
438973352975895,1646211032336032,Directed,337,,,1
438973352975895,468651299852439,Directed,338,,,1
438973352975895,158190387560587,Directed,339,,,1
307867347023,300952200014333,Directed,340,,,1
307867347023,249881778394539,Directed,341,,,1
307867347023,123905300955489,Directed,342,,,1
307867347023,245598932260466,Directed,343,,,1
307867347023,1483918641869460,Directed,344,,,1
307867347023,225695683920,Directed,345,,,1
307867347023,1049494131750815,Directed,346,,,1
307867347023,370924116617,Directed,347,,,1
307867347023,315691848625591,Directed,348,,,1
307867347023,287748444683052,Directed,349,,,1
307867347023,491511750900761,Directed,350,,,1
307867347023,101003743564271,Directed,351,,,1
307867347023,686428438152020,Directed,352,,,1
307867347023,191841854203209,Directed,353,,,1
307867347023,438221496348657,Directed,354,,,1
307867347023,751055421669801,Directed,355,,,1
307867347023,241208089230937,Directed,356,,,1
307867347023,910032875720828,Directed,357,,,1
307867347023,51571361925,Directed,358,,,1
307867347023,1421983674772675,Directed,359,,,1
307867347023,299421523597613,Directed,360,,,1
307867347023,491719864313231,Directed,361,,,1
307867347023,549937955142119,Directed,362,,,1
307867347023,6815841748,Directed,363,,,1
307867347023,991864984168598,Directed,364,,,1
307867347023,156992297688308,Directed,365,,,1
307867347023,233609130017513,Directed,366,,,1
307867347023,110955563771,Directed,367,,,1
307867347023,191167267615764,Directed,368,,,1
307867347023,237246116479100,Directed,369,,,1
307867347023,325105720994574,Directed,370,,,1
307867347023,112054555472842,Directed,371,,,1
307867347023,216740968376511,Directed,372,,,1
307867347023,470933219592244,Directed,373,,,1
307867347023,86869798098,Directed,374,,,1
307867347023,1398413350410608,Directed,375,,,1
307867347023,171251403059325,Directed,376,,,1
307867347023,425542070822039,Directed,377,,,1
307867347023,668120649916798,Directed,378,,,1
307867347023,468651299852439,Directed,379,,,1
307867347023,181604922036786,Directed,380,,,1
307867347023,149888811887324,Directed,381,,,1
307867347023,214076578776623,Directed,382,,,1
307867347023,558040727622966,Directed,383,,,1
307867347023,104015739635258,Directed,384,,,1
307867347023,409062972558113,Directed,385,,,1
307867347023,184170865112900,Directed,386,,,1
307867347023,158190387560587,Directed,387,,,1
307867347023,20531316728,Directed,388,,,1
307867347023,97041406678,Directed,389,,,1
307867347023,168196156560045,Directed,390,,,1
307867347023,301197456664021,Directed,391,,,1
307867347023,168743617253,Directed,392,,,1
307867347023,151596644901231,Directed,393,,,1
307867347023,100290213460126,Directed,394,,,1
307867347023,387710777966682,Directed,395,,,1
307867347023,171497652907018,Directed,396,,,1
307867347023,1645725225708665,Directed,397,,,1
307867347023,290731578078,Directed,398,,,1
307867347023,281475481867946,Directed,399,,,1
307867347023,194971430602434,Directed,400,,,1
307867347023,196152333836717,Directed,401,,,1
307867347023,280395962029361,Directed,402,,,1
307867347023,155293341154786,Directed,403,,,1
307867347023,335748146479328,Directed,404,,,1
307867347023,324978082784,Directed,405,,,1
307867347023,279350617739,Directed,406,,,1
307867347023,494796217322155,Directed,407,,,1
307867347023,136117926476442,Directed,408,,,1
307867347023,162789783747966,Directed,409,,,1
307867347023,105597260718,Directed,410,,,1
307867347023,231038493528,Directed,411,,,1
307867347023,136581166383109,Directed,412,,,1
307867347023,123243941056130,Directed,413,,,1
307867347023,12415375791,Directed,414,,,1
307867347023,193631447514110,Directed,415,,,1
354150288106600,214920142051670,Directed,416,,,1
635962713207245,81679398478,Directed,417,,,1
635962713207245,1621221168148375,Directed,418,,,1
635962713207245,470933219592244,Directed,419,,,1
635962713207245,531169226939488,Directed,420,,,1
635962713207245,160045201668,Directed,421,,,1
635962713207245,225695683920,Directed,422,,,1
635962713207245,14302129065,Directed,423,,,1
635962713207245,118465851142,Directed,424,,,1
635962713207245,126450910743068,Directed,425,,,1
1621221168148375,152642552902,Directed,426,,,1
1621221168148375,181119939152,Directed,427,,,1
1621221168148375,97041406678,Directed,428,,,1
1621221168148375,89146619663,Directed,429,,,1
1621221168148375,214920142051670,Directed,430,,,1
583181875117786,214920142051670,Directed,431,,,1
583181875117786,158190387560587,Directed,432,,,1
583181875117786,12415375791,Directed,433,,,1
583181875117786,307867347023,Directed,434,,,1
583181875117786,17136313137,Directed,435,,,1
118465851142,118316431545225,Directed,436,,,1
118465851142,192669784168,Directed,437,,,1
118465851142,152642552902,Directed,438,,,1
118465851142,148349507804,Directed,439,,,1
118465851142,126450910743068,Directed,440,,,1
118465851142,1621221168148375,Directed,441,,,1
118465851142,106661462736035,Directed,442,,,1
118465851142,186676354713214,Directed,443,,,1
118465851142,311865825370,Directed,444,,,1
118465851142,100150961991,Directed,445,,,1
192669784168,256044471099295,Directed,446,,,1
192669784168,146040298774725,Directed,447,,,1
192669784168,130379783504,Directed,448,,,1
192669784168,311865825370,Directed,449,,,1
192669784168,126450910743068,Directed,450,,,1
192669784168,118465851142,Directed,451,,,1
663248913807492,118465851142,Directed,452,,,1
663248913807492,126450910743068,Directed,453,,,1
100150961991,97041406678,Directed,454,,,1
100150961991,118465851142,Directed,455,,,1
100150961991,181119939152,Directed,456,,,1
100150961991,10675081307,Directed,457,,,1
100150961991,126450910743068,Directed,458,,,1
1504195516527269,192669784168,Directed,459,,,1
110020299887,162789783747966,Directed,460,,,1
110020299887,411890848859847,Directed,461,,,1
411890848859847,155088471199849,Directed,462,,,1
1436497756637713,155088471199849,Directed,463,,,1
205041803007679,186676354713214,Directed,464,,,1
205041803007679,26399672578,Directed,465,,,1
205041803007679,155088471199849,Directed,466,,,1
1224359854257386,225695683920,Directed,467,,,1
160045201668,225695683920,Directed,468,,,1
124008791000088,17136313137,Directed,469,,,1
124008791000088,126450910743068,Directed,470,,,1
124008791000088,97041406678,Directed,471,,,1
124008791000088,21793473043,Directed,472,,,1
124008791000088,108563442514627,Directed,473,,,1
123843407779700,78522143212,Directed,474,,,1
123843407779700,107369075998240,Directed,475,,,1
558686477511502,130379783504,Directed,476,,,1
558686477511502,455302404484122,Directed,477,,,1
558686477511502,152642552902,Directed,478,,,1
558686477511502,126450910743068,Directed,479,,,1
455302404484122,123633531001777,Directed,480,,,1
455302404484122,89146619663,Directed,481,,,1
455302404484122,322412097850538,Directed,482,,,1
455302404484122,126450910743068,Directed,483,,,1
455302404484122,148349507804,Directed,484,,,1
180981105390627,23497828950,Directed,485,,,1
145661615452159,122546285496,Directed,486,,,1
164561860226839,89146619663,Directed,487,,,1
164561860226839,181119939152,Directed,488,,,1
164561860226839,171280749364,Directed,489,,,1
164561860226839,126450910743068,Directed,490,,,1
164561860226839,148349507804,Directed,491,,,1
164561860226839,97041406678,Directed,492,,,1
164561860226839,14302129065,Directed,493,,,1
164561860226839,118465851142,Directed,494,,,1
164561860226839,100150961991,Directed,495,,,1
164561860226839,396969697034357,Directed,496,,,1
164561860226839,152642552902,Directed,497,,,1
1393875997536100,126450910743068,Directed,498,,,1
1393875997536100,111841478834264,Directed,499,,,1
1393875997536100,311865825370,Directed,500,,,1
1458628031024364,100150961991,Directed,501,,,1
1458628031024364,171280749364,Directed,502,,,1
1458628031024364,146881602044017,Directed,503,,,1
1458628031024364,216740968376511,Directed,504,,,1
1458628031024364,148349507804,Directed,505,,,1
1458628031024364,126450910743068,Directed,506,,,1
1422144111347618,97041406678,Directed,507,,,1
1422144111347618,322412097850538,Directed,508,,,1
1422144111347618,261660823858377,Directed,509,,,1
1422144111347618,148349507804,Directed,510,,,1
1422144111347618,281595673240,Directed,511,,,1
1422144111347618,62260589592,Directed,512,,,1
1422144111347618,99109427641,Directed,513,,,1
110258935668204,185914954790122,Directed,514,,,1
110258935668204,23497828950,Directed,515,,,1
110258935668204,20531316728,Directed,516,,,1
233496120151869,100355313370538,Directed,517,,,1
233496120151869,148349507804,Directed,518,,,1
233496120151869,89146619663,Directed,519,,,1
233496120151869,86869798098,Directed,520,,,1
233496120151869,35106632719,Directed,521,,,1
233496120151869,181119939152,Directed,522,,,1
311865825370,126450910743068,Directed,523,,,1
311865825370,81679398478,Directed,524,,,1
103331193141294,214920142051670,Directed,525,,,1
103331193141294,31790012966,Directed,526,,,1
103331193141294,118465851142,Directed,527,,,1
103331193141294,21793473043,Directed,528,,,1
103331193141294,86869798098,Directed,529,,,1
103331193141294,216740968376511,Directed,530,,,1
103331193141294,123905300955489,Directed,531,,,1
103331193141294,130379783504,Directed,532,,,1
103331193141294,126450910743068,Directed,533,,,1
103331193141294,148349507804,Directed,534,,,1
103331193141294,97041406678,Directed,535,,,1
103331193141294,14302129065,Directed,536,,,1
103331193141294,100150961991,Directed,537,,,1
103331193141294,377392275725373,Directed,538,,,1
550744801619236,99109427641,Directed,539,,,1
170631473120700,118465851142,Directed,540,,,1
152642552902,10675081307,Directed,541,,,1
152642552902,164561860226839,Directed,542,,,1
171280749364,186676354713214,Directed,543,,,1
201698999851422,99109427641,Directed,544,,,1
201698999851422,110258935668204,Directed,545,,,1
201698999851422,21793473043,Directed,546,,,1
201698999851422,201698999851422,Directed,547,,,1
123633531001777,13062429163,Directed,548,,,1
123633531001777,51955958533,Directed,549,,,1
488989281142595,81679398478,Directed,550,,,1
488989281142595,126450910743068,Directed,551,,,1
40360933216,221864415555,Directed,552,,,1
40360933216,35106632719,Directed,553,,,1
35106632719,14302129065,Directed,554,,,1
146040298774725,130379783504,Directed,555,,,1
146040298774725,148349507804,Directed,556,,,1
146040298774725,152642552902,Directed,557,,,1
146040298774725,106661462736035,Directed,558,,,1
130379783504,148349507804,Directed,559,,,1
130379783504,12415375791,Directed,560,,,1
130379783504,20531316728,Directed,561,,,1
130379783504,118465851142,Directed,562,,,1
130379783504,126450910743068,Directed,563,,,1
218449254862870,158190387560587,Directed,564,,,1
218449254862870,126450910743068,Directed,565,,,1
207744539290381,488989281142595,Directed,566,,,1
207744539290381,201698999851422,Directed,567,,,1
207744539290381,26399672578,Directed,568,,,1
207744539290381,126450910743068,Directed,569,,,1
315077935194478,281595673240,Directed,570,,,1
315077935194478,31790012966,Directed,571,,,1
315077935194478,216740968376511,Directed,572,,,1
315077935194478,108910425816126,Directed,573,,,1
108910425816126,78522143212,Directed,574,,,1
108910425816126,108563442514627,Directed,575,,,1
108910425816126,97041406678,Directed,576,,,1
108910425816126,111036072275150,Directed,577,,,1
213274742018085,216740968376511,Directed,578,,,1
213274742018085,245426415493484,Directed,579,,,1
213274742018085,17136313137,Directed,580,,,1
213274742018085,21793473043,Directed,581,,,1
89146619663,110505255635707,Directed,582,,,1
89146619663,187013059865,Directed,583,,,1
89146619663,108563442514627,Directed,584,,,1
89146619663,62260589592,Directed,585,,,1
89146619663,108910425816126,Directed,586,,,1
89146619663,111036072275150,Directed,587,,,1
89146619663,97041406678,Directed,588,,,1
89146619663,78522143212,Directed,589,,,1
245426415493484,123905300955489,Directed,590,,,1
245426415493484,148349507804,Directed,591,,,1
245426415493484,216740968376511,Directed,592,,,1
245426415493484,26399672578,Directed,593,,,1
245426415493484,89146619663,Directed,594,,,1
245426415493484,78522143212,Directed,595,,,1
245426415493484,97041406678,Directed,596,,,1
245426415493484,62260589592,Directed,597,,,1
187013059865,1749076975337065,Directed,598,,,1
187013059865,89146619663,Directed,599,,,1
350024555144315,78522143212,Directed,600,,,1
350024555144315,110505255635707,Directed,601,,,1
322412097850538,187013059865,Directed,602,,,1
322412097850538,108910425816126,Directed,603,,,1
322412097850538,62260589592,Directed,604,,,1
322412097850538,110505255635707,Directed,605,,,1
322412097850538,89146619663,Directed,606,,,1
322412097850538,111036072275150,Directed,607,,,1
322412097850538,108563442514627,Directed,608,,,1
322412097850538,78522143212,Directed,609,,,1
322412097850538,97041406678,Directed,610,,,1
111036072275150,187013059865,Directed,611,,,1
111036072275150,108910425816126,Directed,612,,,1
111036072275150,62260589592,Directed,613,,,1
111036072275150,78522143212,Directed,614,,,1
111036072275150,97041406678,Directed,615,,,1
110505255635707,78522143212,Directed,616,,,1
110505255635707,97041406678,Directed,617,,,1
110505255635707,187013059865,Directed,618,,,1
78522143212,108563442514627,Directed,619,,,1
78522143212,187013059865,Directed,620,,,1
78522143212,89146619663,Directed,621,,,1
78522143212,350024555144315,Directed,622,,,1
78522143212,108910425816126,Directed,623,,,1
78522143212,110505255635707,Directed,624,,,1
78522143212,111036072275150,Directed,625,,,1
78522143212,62260589592,Directed,626,,,1
78522143212,97041406678,Directed,627,,,1
179562315893006,14302129065,Directed,628,,,1
182236035192216,416458641715558,Directed,629,,,1
182236035192216,146040298774725,Directed,630,,,1
182236035192216,311865825370,Directed,631,,,1
182236035192216,168743617253,Directed,632,,,1
182236035192216,23497828950,Directed,633,,,1
182236035192216,266730506675570,Directed,634,,,1
182236035192216,14302129065,Directed,635,,,1
1597659560553215,14302129065,Directed,636,,,1
1597659560553215,216740968376511,Directed,637,,,1
1794731260742414,216740968376511,Directed,638,,,1
1794731260742414,14302129065,Directed,639,,,1
127030877316644,315077935194478,Directed,640,,,1
127030877316644,126450910743068,Directed,641,,,1
127030877316644,171280749364,Directed,642,,,1
127030877316644,261660823858377,Directed,643,,,1
127030877316644,97041406678,Directed,644,,,1
127030877316644,14302129065,Directed,645,,,1
127030877316644,148349507804,Directed,646,,,1
127030877316644,26399672578,Directed,647,,,1
127030877316644,21793473043,Directed,648,,,1
130180763686565,261660823858377,Directed,649,,,1
130180763686565,159764164040161,Directed,650,,,1
470933219592244,14302129065,Directed,651,,,1
470933219592244,126450910743068,Directed,652,,,1
266730506675570,26399672578,Directed,653,,,1
266730506675570,14302129065,Directed,654,,,1
266730506675570,311865825370,Directed,655,,,1
266730506675570,182236035192216,Directed,656,,,1
266730506675570,51955958533,Directed,657,,,1
266730506675570,34526043062,Directed,658,,,1
364952298734,14302129065,Directed,659,,,1
364952298734,34526043062,Directed,660,,,1
51955958533,153194306605,Directed,661,,,1
51955958533,123633531001777,Directed,662,,,1
51955958533,13062429163,Directed,663,,,1
34526043062,26399672578,Directed,664,,,1
34526043062,181119939152,Directed,665,,,1
34526043062,14302129065,Directed,666,,,1
31790012966,30250538961,Directed,667,,,1
31790012966,83065559474,Directed,668,,,1
31790012966,409547372452050,Directed,669,,,1
31790012966,148349507804,Directed,670,,,1
137828846250783,148349507804,Directed,671,,,1
137828846250783,228863717129510,Directed,672,,,1
137828846250783,87384950094,Directed,673,,,1
137828846250783,43117192326,Directed,674,,,1
137828846250783,100355313370538,Directed,675,,,1
268002449983847,148349507804,Directed,676,,,1
238238826282196,186676354713214,Directed,677,,,1
310528472415350,238238826282196,Directed,678,,,1
310528472415350,186676354713214,Directed,679,,,1
373183779384701,268002449983847,Directed,680,,,1
373183779384701,257513290653,Directed,681,,,1
373183779384701,26399672578,Directed,682,,,1
373183779384701,186676354713214,Directed,683,,,1
373183779384701,148349507804,Directed,684,,,1
174673405887258,148349507804,Directed,685,,,1
174673405887258,97041406678,Directed,686,,,1
174673405887258,14302129065,Directed,687,,,1
122924687718543,23497828950,Directed,688,,,1
122362417781757,186676354713214,Directed,689,,,1
122362417781757,148349507804,Directed,690,,,1
117949204905262,100355313370538,Directed,691,,,1
117949204905262,153194306605,Directed,692,,,1
117949204905262,148349507804,Directed,693,,,1
243352355758573,89146619663,Directed,694,,,1
243352355758573,12415375791,Directed,695,,,1
243352355758573,20531316728,Directed,696,,,1
243352355758573,21793473043,Directed,697,,,1
243352355758573,97041406678,Directed,698,,,1
243352355758573,86869798098,Directed,699,,,1
243352355758573,110258935668204,Directed,700,,,1
243352355758573,108563442514627,Directed,701,,,1
261001683972731,281595673240,Directed,702,,,1
261001683972731,148349507804,Directed,703,,,1
216439283312,189924944361205,Directed,704,,,1
181119939152,122362417781757,Directed,705,,,1
181119939152,171280749364,Directed,706,,,1
181119939152,100355313370538,Directed,707,,,1
181119939152,118465851142,Directed,708,,,1
181119939152,100150961991,Directed,709,,,1
181119939152,34526043062,Directed,710,,,1
181119939152,14302129065,Directed,711,,,1
181119939152,51955958533,Directed,712,,,1
181119939152,89146619663,Directed,713,,,1
181119939152,104516191689,Directed,714,,,1
181119939152,281595673240,Directed,715,,,1
181119939152,83065559474,Directed,716,,,1
181119939152,121462904591649,Directed,717,,,1
181119939152,111036072275150,Directed,718,,,1
181119939152,97041406678,Directed,719,,,1
181119939152,148349507804,Directed,720,,,1
181119939152,153194306605,Directed,721,,,1
100355313370538,209539035765518,Directed,722,,,1
100355313370538,293220964066110,Directed,723,,,1
100355313370538,83065559474,Directed,724,,,1
100355313370538,30250538961,Directed,725,,,1
100355313370538,148349507804,Directed,726,,,1
100355313370538,153194306605,Directed,727,,,1
209539035765518,117949204905262,Directed,728,,,1
209539035765518,87384950094,Directed,729,,,1
209539035765518,281595673240,Directed,730,,,1
209539035765518,153194306605,Directed,731,,,1
209539035765518,30250538961,Directed,732,,,1
209539035765518,148349507804,Directed,733,,,1
209539035765518,228863717129510,Directed,734,,,1
209539035765518,174830055888739,Directed,735,,,1
228863717129510,122362417781757,Directed,736,,,1
228863717129510,209539035765518,Directed,737,,,1
228863717129510,83065559474,Directed,738,,,1
228863717129510,30250538961,Directed,739,,,1
228863717129510,43117192326,Directed,740,,,1
228863717129510,174830055888739,Directed,741,,,1
228863717129510,117949204905262,Directed,742,,,1
228863717129510,87384950094,Directed,743,,,1
228863717129510,281595673240,Directed,744,,,1
228863717129510,153194306605,Directed,745,,,1
228863717129510,104516191689,Directed,746,,,1
228863717129510,148349507804,Directed,747,,,1
121462904591649,160764157371498,Directed,748,,,1
121462904591649,123843407779700,Directed,749,,,1
121462904591649,186676354713214,Directed,750,,,1
121462904591649,181119939152,Directed,751,,,1
121462904591649,228863717129510,Directed,752,,,1
121462904591649,117949204905262,Directed,753,,,1
121462904591649,100355313370538,Directed,754,,,1
121462904591649,171251403059325,Directed,755,,,1
121462904591649,31790012966,Directed,756,,,1
121462904591649,185914954790122,Directed,757,,,1
121462904591649,87384950094,Directed,758,,,1
121462904591649,83065559474,Directed,759,,,1
121462904591649,281595673240,Directed,760,,,1
121462904591649,104516191689,Directed,761,,,1
121462904591649,148349507804,Directed,762,,,1
121462904591649,153194306605,Directed,763,,,1
174830055888739,209539035765518,Directed,764,,,1
174830055888739,228863717129510,Directed,765,,,1
174830055888739,128307602590,Directed,766,,,1
174830055888739,43117192326,Directed,767,,,1
174830055888739,153194306605,Directed,768,,,1
174830055888739,87384950094,Directed,769,,,1
174830055888739,117949204905262,Directed,770,,,1
174830055888739,122362417781757,Directed,771,,,1
174830055888739,30250538961,Directed,772,,,1
174830055888739,83065559474,Directed,773,,,1
174830055888739,281595673240,Directed,774,,,1
174830055888739,104516191689,Directed,775,,,1
174830055888739,148349507804,Directed,776,,,1
153194306605,31790012966,Directed,777,,,1
153194306605,123633531001777,Directed,778,,,1
153194306605,121462904591649,Directed,779,,,1
153194306605,104516191689,Directed,780,,,1
153194306605,281595673240,Directed,781,,,1
153194306605,43117192326,Directed,782,,,1
153194306605,83065559474,Directed,783,,,1
153194306605,128307602590,Directed,784,,,1
153194306605,87384950094,Directed,785,,,1
153194306605,30250538961,Directed,786,,,1
153194306605,148349507804,Directed,787,,,1
104516191689,228863717129510,Directed,788,,,1
104516191689,186676354713214,Directed,789,,,1
104516191689,81174647292,Directed,790,,,1
104516191689,83065559474,Directed,791,,,1
104516191689,153194306605,Directed,792,,,1
104516191689,281595673240,Directed,793,,,1
104516191689,148349507804,Directed,794,,,1
104516191689,128307602590,Directed,795,,,1
104516191689,30250538961,Directed,796,,,1
281595673240,100355313370538,Directed,797,,,1
281595673240,14302129065,Directed,798,,,1
281595673240,31790012966,Directed,799,,,1
281595673240,121462904591649,Directed,800,,,1
281595673240,62260589592,Directed,801,,,1
281595673240,261660823858377,Directed,802,,,1
281595673240,153194306605,Directed,803,,,1
281595673240,104516191689,Directed,804,,,1
281595673240,30250538961,Directed,805,,,1
281595673240,148349507804,Directed,806,,,1
281595673240,43117192326,Directed,807,,,1
281595673240,83065559474,Directed,808,,,1
281595673240,128307602590,Directed,809,,,1
281595673240,87384950094,Directed,810,,,1
43117192326,100355313370538,Directed,811,,,1
43117192326,174830055888739,Directed,812,,,1
43117192326,117949204905262,Directed,813,,,1
43117192326,228863717129510,Directed,814,,,1
43117192326,153194306605,Directed,815,,,1
43117192326,121462904591649,Directed,816,,,1
43117192326,137828846250783,Directed,817,,,1
43117192326,104516191689,Directed,818,,,1
43117192326,281595673240,Directed,819,,,1
43117192326,30250538961,Directed,820,,,1
43117192326,148349507804,Directed,821,,,1
43117192326,83065559474,Directed,822,,,1
43117192326,128307602590,Directed,823,,,1
43117192326,87384950094,Directed,824,,,1
83065559474,31790012966,Directed,825,,,1
83065559474,293220964066110,Directed,826,,,1
83065559474,100355313370538,Directed,827,,,1
83065559474,153194306605,Directed,828,,,1
83065559474,281595673240,Directed,829,,,1
83065559474,148349507804,Directed,830,,,1
83065559474,43117192326,Directed,831,,,1
83065559474,128307602590,Directed,832,,,1
83065559474,104516191689,Directed,833,,,1
83065559474,30250538961,Directed,834,,,1
83065559474,87384950094,Directed,835,,,1
128307602590,153194306605,Directed,836,,,1
128307602590,104516191689,Directed,837,,,1
128307602590,281595673240,Directed,838,,,1
128307602590,30250538961,Directed,839,,,1
128307602590,148349507804,Directed,840,,,1
128307602590,43117192326,Directed,841,,,1
128307602590,83065559474,Directed,842,,,1
128307602590,87384950094,Directed,843,,,1
87384950094,228863717129510,Directed,844,,,1
87384950094,153194306605,Directed,845,,,1
87384950094,281595673240,Directed,846,,,1
87384950094,148349507804,Directed,847,,,1
87384950094,43117192326,Directed,848,,,1
87384950094,128307602590,Directed,849,,,1
87384950094,104516191689,Directed,850,,,1
87384950094,30250538961,Directed,851,,,1
87384950094,83065559474,Directed,852,,,1
30250538961,186676354713214,Directed,853,,,1
30250538961,121462904591649,Directed,854,,,1
30250538961,100355313370538,Directed,855,,,1
30250538961,153194306605,Directed,856,,,1
30250538961,281595673240,Directed,857,,,1
30250538961,43117192326,Directed,858,,,1
30250538961,128307602590,Directed,859,,,1
30250538961,148349507804,Directed,860,,,1
30250538961,104516191689,Directed,861,,,1
30250538961,83065559474,Directed,862,,,1
30250538961,87384950094,Directed,863,,,1
242859757551,186232664870032,Directed,864,,,1
242859757551,284260788250964,Directed,865,,,1
1099667270064879,1432706033698293,Directed,866,,,1
1099667270064879,242859757551,Directed,867,,,1
144494645722850,1471695506485858,Directed,868,,,1
144494645722850,57022040758,Directed,869,,,1
144494645722850,612291142146684,Directed,870,,,1
144494645722850,274992429193756,Directed,871,,,1
144494645722850,62260589592,Directed,872,,,1
144494645722850,89146619663,Directed,873,,,1
144494645722850,242859757551,Directed,874,,,1
144494645722850,223168544506227,Directed,875,,,1
144494645722850,284260788250964,Directed,876,,,1
144494645722850,590846014308895,Directed,877,,,1
144494645722850,124948924224350,Directed,878,,,1
144494645722850,1429738763983023,Directed,879,,,1
144494645722850,126450910743068,Directed,880,,,1
144494645722850,290539771077028,Directed,881,,,1
144494645722850,194229153972356,Directed,882,,,1
144494645722850,189924944361205,Directed,883,,,1
144494645722850,118316431545225,Directed,884,,,1
144494645722850,256044471099295,Directed,885,,,1
144494645722850,156503417751582,Directed,886,,,1
144494645722850,281595673240,Directed,887,,,1
144494645722850,107967132666842,Directed,888,,,1
144494645722850,186232664870032,Directed,889,,,1
144494645722850,275845552527106,Directed,890,,,1
144494645722850,21793473043,Directed,891,,,1
144494645722850,20531316728,Directed,892,,,1
144494645722850,463250697028789,Directed,893,,,1
144494645722850,546782255345486,Directed,894,,,1
144494645722850,216439283312,Directed,895,,,1
144494645722850,100186046779162,Directed,896,,,1
224376294396507,26399672578,Directed,897,,,1
224376294396507,256044471099295,Directed,898,,,1
224376294396507,290539771077028,Directed,899,,,1
224376294396507,274992429193756,Directed,900,,,1
1432706033698293,1099667270064879,Directed,901,,,1
1432706033698293,216439283312,Directed,902,,,1
1432706033698293,1471695506485858,Directed,903,,,1
1432706033698293,224376294396507,Directed,904,,,1
1421190264772690,108379099286148,Directed,905,,,1
1421190264772690,186232664870032,Directed,906,,,1
1421190264772690,361791060616938,Directed,907,,,1
1421190264772690,144494645722850,Directed,908,,,1
1421190264772690,156503417751582,Directed,909,,,1
1421190264772690,124948924224350,Directed,910,,,1
1421190264772690,26399672578,Directed,911,,,1
1421190264772690,17136313137,Directed,912,,,1
1421190264772690,21793473043,Directed,913,,,1
1421190264772690,223168544506227,Directed,914,,,1
1421190264772690,168743617253,Directed,915,,,1
1421190264772690,277389319742,Directed,916,,,1
1421190264772690,118316431545225,Directed,917,,,1
1421190264772690,189924944361205,Directed,918,,,1
1421190264772690,611512508869515,Directed,919,,,1
1421190264772690,596964027002589,Directed,920,,,1
1421190264772690,290539771077028,Directed,921,,,1
1421190264772690,274992429193756,Directed,922,,,1
1421190264772690,216439283312,Directed,923,,,1
1421190264772690,100186046779162,Directed,924,,,1
1421190264772690,546782255345486,Directed,925,,,1
1421190264772690,463250697028789,Directed,926,,,1
1421190264772690,57022040758,Directed,927,,,1
1421190264772690,194229153972356,Directed,928,,,1
1421190264772690,107967132666842,Directed,929,,,1
415830391889166,612291142146684,Directed,930,,,1
415830391889166,187013059865,Directed,931,,,1
415830391889166,1099667270064879,Directed,932,,,1
415830391889166,83065559474,Directed,933,,,1
415830391889166,14302129065,Directed,934,,,1
415830391889166,26399672578,Directed,935,,,1
415830391889166,216740968376511,Directed,936,,,1
415830391889166,126450910743068,Directed,937,,,1
415830391889166,100355313370538,Directed,938,,,1
415830391889166,148349507804,Directed,939,,,1
415830391889166,97041406678,Directed,940,,,1
415830391889166,274992429193756,Directed,941,,,1
415830391889166,290539771077028,Directed,942,,,1
415830391889166,416458641715558,Directed,943,,,1
587100441378081,1471695506485858,Directed,944,,,1
587100441378081,359042220838699,Directed,945,,,1
587100441378081,1429738763983023,Directed,946,,,1
587100441378081,274992429193756,Directed,947,,,1
587100441378081,1432706033698293,Directed,948,,,1
587100441378081,612291142146684,Directed,949,,,1
587100441378081,546782255345486,Directed,950,,,1
587100441378081,290539771077028,Directed,951,,,1
587100441378081,100186046779162,Directed,952,,,1
463250697028789,612291142146684,Directed,953,,,1
463250697028789,546782255345486,Directed,954,,,1
463250697028789,114115315337739,Directed,955,,,1
100186046779162,57022040758,Directed,956,,,1
105140819592874,274992429193756,Directed,957,,,1
105140819592874,168743617253,Directed,958,,,1
114115315337739,193631447514110,Directed,959,,,1
114115315337739,463250697028789,Directed,960,,,1
596964027002589,274992429193756,Directed,961,,,1
206088086251467,186232664870032,Directed,962,,,1
191289650948825,523095624441232,Directed,963,,,1
191289650948825,57022040758,Directed,964,,,1
107967132666842,290539771077028,Directed,965,,,1
107967132666842,275845552527106,Directed,966,,,1
107967132666842,156503417751582,Directed,967,,,1
107967132666842,546782255345486,Directed,968,,,1
107967132666842,100186046779162,Directed,969,,,1
107967132666842,463250697028789,Directed,970,,,1
107967132666842,51955958533,Directed,971,,,1
107967132666842,57022040758,Directed,972,,,1
256044471099295,192669784168,Directed,973,,,1
256044471099295,612291142146684,Directed,974,,,1
256044471099295,118316431545225,Directed,975,,,1
256044471099295,611512508869515,Directed,976,,,1
256044471099295,124200474393063,Directed,977,,,1
256044471099295,414382672024263,Directed,978,,,1
256044471099295,97041406678,Directed,979,,,1
256044471099295,311865825370,Directed,980,,,1
256044471099295,186232664870032,Directed,981,,,1
256044471099295,189924944361205,Directed,982,,,1
256044471099295,194229153972356,Directed,983,,,1
256044471099295,290539771077028,Directed,984,,,1
256044471099295,126450910743068,Directed,985,,,1
256044471099295,130379783504,Directed,986,,,1
256044471099295,207744539290381,Directed,987,,,1
256044471099295,216439283312,Directed,988,,,1
410837459022513,290539771077028,Directed,989,,,1
410837459022513,186232664870032,Directed,990,,,1
410837459022513,194229153972356,Directed,991,,,1
410837459022513,361791060616938,Directed,992,,,1
410837459022513,216439283312,Directed,993,,,1
410837459022513,26399672578,Directed,994,,,1
410837459022513,546782255345486,Directed,995,,,1
410837459022513,183649225024927,Directed,996,,,1
410837459022513,107967132666842,Directed,997,,,1
124200474393063,256044471099295,Directed,998,,,1
124200474393063,189924944361205,Directed,999,,,1
124200474393063,183649225024927,Directed,1000,,,1
124200474393063,290539771077028,Directed,1001,,,1
223168544506227,1432706033698293,Directed,1002,,,1
223168544506227,189924944361205,Directed,1003,,,1
223168544506227,590846014308895,Directed,1004,,,1
223168544506227,256044471099295,Directed,1005,,,1
223168544506227,126450910743068,Directed,1006,,,1
223168544506227,148349507804,Directed,1007,,,1
223168544506227,183649225024927,Directed,1008,,,1
223168544506227,275845552527106,Directed,1009,,,1
223168544506227,346730152065281,Directed,1010,,,1
223168544506227,124200474393063,Directed,1011,,,1
223168544506227,387729587997469,Directed,1012,,,1
223168544506227,416458641715558,Directed,1013,,,1
223168544506227,136754833058809,Directed,1014,,,1
223168544506227,191289650948825,Directed,1015,,,1
223168544506227,612291142146684,Directed,1016,,,1
223168544506227,14302129065,Directed,1017,,,1
223168544506227,1421190264772690,Directed,1018,,,1
223168544506227,114115315337739,Directed,1019,,,1
223168544506227,21793473043,Directed,1020,,,1
223168544506227,17136313137,Directed,1021,,,1
223168544506227,97041406678,Directed,1022,,,1
223168544506227,23497828950,Directed,1023,,,1
223168544506227,26399672578,Directed,1024,,,1
223168544506227,124948924224350,Directed,1025,,,1
223168544506227,611512508869515,Directed,1026,,,1
223168544506227,187013059865,Directed,1027,,,1
223168544506227,156503417751582,Directed,1028,,,1
223168544506227,274992429193756,Directed,1029,,,1
223168544506227,463250697028789,Directed,1030,,,1
223168544506227,290539771077028,Directed,1031,,,1
223168544506227,100186046779162,Directed,1032,,,1
223168544506227,361791060616938,Directed,1033,,,1
223168544506227,107967132666842,Directed,1034,,,1
223168544506227,546782255345486,Directed,1035,,,1
223168544506227,144494645722850,Directed,1036,,,1
223168544506227,57022040758,Directed,1037,,,1
223168544506227,194229153972356,Directed,1038,,,1
223168544506227,186232664870032,Directed,1039,,,1
387729587997469,144494645722850,Directed,1040,,,1
387729587997469,1429738763983023,Directed,1041,,,1
387729587997469,612291142146684,Directed,1042,,,1
387729587997469,361791060616938,Directed,1043,,,1
387729587997469,156503417751582,Directed,1044,,,1
387729587997469,232287230205457,Directed,1045,,,1
387729587997469,124200474393063,Directed,1046,,,1
387729587997469,57022040758,Directed,1047,,,1
387729587997469,631311030217900,Directed,1048,,,1
387729587997469,107967132666842,Directed,1049,,,1
387729587997469,290539771077028,Directed,1050,,,1
387729587997469,274992429193756,Directed,1051,,,1
387729587997469,546782255345486,Directed,1052,,,1
387729587997469,195184647254034,Directed,1053,,,1
387729587997469,124948924224350,Directed,1054,,,1
387729587997469,416458641715558,Directed,1055,,,1
387729587997469,611512508869515,Directed,1056,,,1
387729587997469,463250697028789,Directed,1057,,,1
290539771077028,410837459022513,Directed,1058,,,1
290539771077028,108379099286148,Directed,1059,,,1
290539771077028,612291142146684,Directed,1060,,,1
290539771077028,463250697028789,Directed,1061,,,1
290539771077028,1429738763983023,Directed,1062,,,1
290539771077028,242859757551,Directed,1063,,,1
290539771077028,223168544506227,Directed,1064,,,1
290539771077028,587100441378081,Directed,1065,,,1
290539771077028,611512508869515,Directed,1066,,,1
290539771077028,1421190264772690,Directed,1067,,,1
290539771077028,523095624441232,Directed,1068,,,1
290539771077028,387729587997469,Directed,1069,,,1
290539771077028,148349507804,Directed,1070,,,1
290539771077028,144494645722850,Directed,1071,,,1
290539771077028,136754833058809,Directed,1072,,,1
290539771077028,275845552527106,Directed,1073,,,1
290539771077028,186232664870032,Directed,1074,,,1
290539771077028,416458641715558,Directed,1075,,,1
290539771077028,107967132666842,Directed,1076,,,1
290539771077028,191289650948825,Directed,1077,,,1
290539771077028,284260788250964,Directed,1078,,,1
290539771077028,260208470776861,Directed,1079,,,1
290539771077028,232287230205457,Directed,1080,,,1
290539771077028,449911195028060,Directed,1081,,,1
290539771077028,346730152065281,Directed,1082,,,1
290539771077028,195184647254034,Directed,1083,,,1
290539771077028,546782255345486,Directed,1084,,,1
290539771077028,274992429193756,Directed,1085,,,1
290539771077028,194229153972356,Directed,1086,,,1
290539771077028,189924944361205,Directed,1087,,,1
290539771077028,57022040758,Directed,1088,,,1
290539771077028,156503417751582,Directed,1089,,,1
290539771077028,124948924224350,Directed,1090,,,1
290539771077028,183649225024927,Directed,1091,,,1
290539771077028,631311030217900,Directed,1092,,,1
290539771077028,216439283312,Directed,1093,,,1
290539771077028,256044471099295,Directed,1094,,,1
611512508869515,284260788250964,Directed,1095,,,1
611512508869515,387729587997469,Directed,1096,,,1
611512508869515,232287230205457,Directed,1097,,,1
611512508869515,105140819592874,Directed,1098,,,1
611512508869515,256044471099295,Directed,1099,,,1
611512508869515,1445209502398453,Directed,1100,,,1
611512508869515,523095624441232,Directed,1101,,,1
611512508869515,546782255345486,Directed,1102,,,1
611512508869515,361791060616938,Directed,1103,,,1
611512508869515,1421190264772690,Directed,1104,,,1
611512508869515,114115315337739,Directed,1105,,,1
611512508869515,416458641715558,Directed,1106,,,1
611512508869515,275845552527106,Directed,1107,,,1
611512508869515,223168544506227,Directed,1108,,,1
611512508869515,612291142146684,Directed,1109,,,1
611512508869515,107967132666842,Directed,1110,,,1
611512508869515,156503417751582,Directed,1111,,,1
611512508869515,183649225024927,Directed,1112,,,1
611512508869515,186232664870032,Directed,1113,,,1
611512508869515,144494645722850,Directed,1114,,,1
611512508869515,631311030217900,Directed,1115,,,1
611512508869515,136754833058809,Directed,1116,,,1
611512508869515,463250697028789,Directed,1117,,,1
611512508869515,290539771077028,Directed,1118,,,1
611512508869515,108379099286148,Directed,1119,,,1
611512508869515,57022040758,Directed,1120,,,1
611512508869515,274992429193756,Directed,1121,,,1
611512508869515,216439283312,Directed,1122,,,1
611512508869515,189924944361205,Directed,1123,,,1
611512508869515,124948924224350,Directed,1124,,,1
186648548104419,86869798098,Directed,1125,,,1
186648548104419,6250307292,Directed,1126,,,1
186648548104419,148349507804,Directed,1127,,,1
186648548104419,14302129065,Directed,1128,,,1
416458641715558,242859757551,Directed,1129,,,1
416458641715558,158190387560587,Directed,1130,,,1
416458641715558,415830391889166,Directed,1131,,,1
416458641715558,546782255345486,Directed,1132,,,1
416458641715558,156503417751582,Directed,1133,,,1
416458641715558,387729587997469,Directed,1134,,,1
416458641715558,136754833058809,Directed,1135,,,1
416458641715558,590846014308895,Directed,1136,,,1
416458641715558,124200474393063,Directed,1137,,,1
416458641715558,274992429193756,Directed,1138,,,1
416458641715558,361791060616938,Directed,1139,,,1
416458641715558,463250697028789,Directed,1140,,,1
416458641715558,144494645722850,Directed,1141,,,1
416458641715558,182236035192216,Directed,1142,,,1
416458641715558,186232664870032,Directed,1143,,,1
416458641715558,631311030217900,Directed,1144,,,1
416458641715558,290539771077028,Directed,1145,,,1
416458641715558,256044471099295,Directed,1146,,,1
416458641715558,183649225024927,Directed,1147,,,1
416458641715558,189924944361205,Directed,1148,,,1
416458641715558,216439283312,Directed,1149,,,1
416458641715558,284260788250964,Directed,1150,,,1
416458641715558,26399672578,Directed,1151,,,1
186232664870032,612291142146684,Directed,1152,,,1
186232664870032,136754833058809,Directed,1153,,,1
186232664870032,387729587997469,Directed,1154,,,1
186232664870032,611512508869515,Directed,1155,,,1
186232664870032,232287230205457,Directed,1156,,,1
186232664870032,57022040758,Directed,1157,,,1
186232664870032,100186046779162,Directed,1158,,,1
186232664870032,346730152065281,Directed,1159,,,1
186232664870032,290539771077028,Directed,1160,,,1
186232664870032,144494645722850,Directed,1161,,,1
186232664870032,416458641715558,Directed,1162,,,1
186232664870032,183649225024927,Directed,1163,,,1
186232664870032,26399672578,Directed,1164,,,1
186232664870032,114115315337739,Directed,1165,,,1
186232664870032,124200474393063,Directed,1166,,,1
186232664870032,275845552527106,Directed,1167,,,1
186232664870032,274992429193756,Directed,1168,,,1
186232664870032,546782255345486,Directed,1169,,,1
186232664870032,107967132666842,Directed,1170,,,1
186232664870032,189924944361205,Directed,1171,,,1
186232664870032,156503417751582,Directed,1172,,,1
186232664870032,216439283312,Directed,1173,,,1
612291142146684,124948924224350,Directed,1174,,,1
612291142146684,590846014308895,Directed,1175,,,1
612291142146684,284260788250964,Directed,1176,,,1
612291142146684,223168544506227,Directed,1177,,,1
612291142146684,156503417751582,Directed,1178,,,1
612291142146684,194229153972356,Directed,1179,,,1
612291142146684,463250697028789,Directed,1180,,,1
612291142146684,186232664870032,Directed,1181,,,1
612291142146684,611512508869515,Directed,1182,,,1
612291142146684,546782255345486,Directed,1183,,,1
523095624441232,186232664870032,Directed,1184,,,1
523095624441232,242859757551,Directed,1185,,,1
523095624441232,1422202204746857,Directed,1186,,,1
523095624441232,124948924224350,Directed,1187,,,1
523095624441232,284260788250964,Directed,1188,,,1
523095624441232,168743617253,Directed,1189,,,1
523095624441232,31790012966,Directed,1190,,,1
523095624441232,26399672578,Directed,1191,,,1
523095624441232,114115315337739,Directed,1192,,,1
523095624441232,590846014308895,Directed,1193,,,1
523095624441232,612291142146684,Directed,1194,,,1
523095624441232,57022040758,Directed,1195,,,1
523095624441232,183649225024927,Directed,1196,,,1
523095624441232,463250697028789,Directed,1197,,,1
523095624441232,100186046779162,Directed,1198,,,1
523095624441232,216439283312,Directed,1199,,,1
523095624441232,144494645722850,Directed,1200,,,1
523095624441232,290539771077028,Directed,1201,,,1
523095624441232,107967132666842,Directed,1202,,,1
523095624441232,546782255345486,Directed,1203,,,1
523095624441232,156503417751582,Directed,1204,,,1
136754833058809,223168544506227,Directed,1205,,,1
136754833058809,290539771077028,Directed,1206,,,1
136754833058809,216439283312,Directed,1207,,,1
631311030217900,346730152065281,Directed,1208,,,1
346730152065281,416458641715558,Directed,1209,,,1
346730152065281,260208470776861,Directed,1210,,,1
346730152065281,186232664870032,Directed,1211,,,1
346730152065281,156503417751582,Directed,1212,,,1
346730152065281,631311030217900,Directed,1213,,,1
346730152065281,290539771077028,Directed,1214,,,1
346730152065281,183649225024927,Directed,1215,,,1
346730152065281,546782255345486,Directed,1216,,,1
346730152065281,57022040758,Directed,1217,,,1
346730152065281,274992429193756,Directed,1218,,,1
346730152065281,194229153972356,Directed,1219,,,1
346730152065281,124948924224350,Directed,1220,,,1
346730152065281,189924944361205,Directed,1221,,,1
346730152065281,108563442514627,Directed,1222,,,1
346730152065281,111036072275150,Directed,1223,,,1
346730152065281,62260589592,Directed,1224,,,1
346730152065281,97041406678,Directed,1225,,,1
346730152065281,136754833058809,Directed,1226,,,1
346730152065281,78522143212,Directed,1227,,,1
546782255345486,14302129065,Directed,1228,,,1
546782255345486,284260788250964,Directed,1229,,,1
546782255345486,114115315337739,Directed,1230,,,1
546782255345486,361791060616938,Directed,1231,,,1
546782255345486,523095624441232,Directed,1232,,,1
546782255345486,256044471099295,Directed,1233,,,1
546782255345486,260208470776861,Directed,1234,,,1
546782255345486,612291142146684,Directed,1235,,,1
546782255345486,387729587997469,Directed,1236,,,1
546782255345486,223168544506227,Directed,1237,,,1
546782255345486,611512508869515,Directed,1238,,,1
546782255345486,1421190264772690,Directed,1239,,,1
546782255345486,463250697028789,Directed,1240,,,1
546782255345486,144494645722850,Directed,1241,,,1
546782255345486,186232664870032,Directed,1242,,,1
546782255345486,194229153972356,Directed,1243,,,1
546782255345486,631311030217900,Directed,1244,,,1
546782255345486,290539771077028,Directed,1245,,,1
546782255345486,191289650948825,Directed,1246,,,1
546782255345486,31790012966,Directed,1247,,,1
546782255345486,156503417751582,Directed,1248,,,1
546782255345486,346730152065281,Directed,1249,,,1
546782255345486,57022040758,Directed,1250,,,1
546782255345486,216439283312,Directed,1251,,,1
546782255345486,107967132666842,Directed,1252,,,1
546782255345486,183649225024927,Directed,1253,,,1
546782255345486,189924944361205,Directed,1254,,,1
546782255345486,274992429193756,Directed,1255,,,1
546782255345486,124948924224350,Directed,1256,,,1
449911195028060,290539771077028,Directed,1257,,,1
449911195028060,114115315337739,Directed,1258,,,1
232287230205457,413225412022474,Directed,1259,,,1
232287230205457,108379099286148,Directed,1260,,,1
232287230205457,124948924224350,Directed,1261,,,1
232287230205457,274992429193756,Directed,1262,,,1
232287230205457,156503417751582,Directed,1263,,,1
232287230205457,194229153972356,Directed,1264,,,1
232287230205457,14302129065,Directed,1265,,,1
232287230205457,114115315337739,Directed,1266,,,1
232287230205457,148349507804,Directed,1267,,,1
232287230205457,189924944361205,Directed,1268,,,1
232287230205457,216439283312,Directed,1269,,,1
232287230205457,57022040758,Directed,1270,,,1
232287230205457,183649225024927,Directed,1271,,,1
260208470776861,410837459022513,Directed,1272,,,1
260208470776861,107967132666842,Directed,1273,,,1
260208470776861,290539771077028,Directed,1274,,,1
260208470776861,546782255345486,Directed,1275,,,1
260208470776861,189924944361205,Directed,1276,,,1
275845552527106,468651299852439,Directed,1277,,,1
275845552527106,611512508869515,Directed,1278,,,1
275845552527106,612291142146684,Directed,1279,,,1
275845552527106,523095624441232,Directed,1280,,,1
275845552527106,416458641715558,Directed,1281,,,1
275845552527106,136754833058809,Directed,1282,,,1
275845552527106,216439283312,Directed,1283,,,1
275845552527106,232287230205457,Directed,1284,,,1
275845552527106,107967132666842,Directed,1285,,,1
275845552527106,361791060616938,Directed,1286,,,1
275845552527106,124948924224350,Directed,1287,,,1
275845552527106,223168544506227,Directed,1288,,,1
275845552527106,410837459022513,Directed,1289,,,1
275845552527106,57022040758,Directed,1290,,,1
275845552527106,590846014308895,Directed,1291,,,1
275845552527106,144494645722850,Directed,1292,,,1
275845552527106,290539771077028,Directed,1293,,,1
275845552527106,114115315337739,Directed,1294,,,1
275845552527106,148349507804,Directed,1295,,,1
275845552527106,186232664870032,Directed,1296,,,1
275845552527106,83065559474,Directed,1297,,,1
275845552527106,546782255345486,Directed,1298,,,1
275845552527106,194229153972356,Directed,1299,,,1
275845552527106,274992429193756,Directed,1300,,,1
275845552527106,189924944361205,Directed,1301,,,1
275845552527106,183649225024927,Directed,1302,,,1
275845552527106,156503417751582,Directed,1303,,,1
195184647254034,57022040758,Directed,1304,,,1
195184647254034,274992429193756,Directed,1305,,,1
195184647254034,189924944361205,Directed,1306,,,1
195184647254034,546782255345486,Directed,1307,,,1
195184647254034,124948924224350,Directed,1308,,,1
284260788250964,114115315337739,Directed,1309,,,1
284260788250964,100186046779162,Directed,1310,,,1
284260788250964,156503417751582,Directed,1311,,,1
284260788250964,124948924224350,Directed,1312,,,1
284260788250964,242859757551,Directed,1313,,,1
284260788250964,168743617253,Directed,1314,,,1
284260788250964,189924944361205,Directed,1315,,,1
284260788250964,194229153972356,Directed,1316,,,1
284260788250964,274992429193756,Directed,1317,,,1
284260788250964,57022040758,Directed,1318,,,1
284260788250964,216439283312,Directed,1319,,,1
284260788250964,183649225024927,Directed,1320,,,1
183649225024927,107967132666842,Directed,1321,,,1
183649225024927,124200474393063,Directed,1322,,,1
183649225024927,26399672578,Directed,1323,,,1
183649225024927,144494645722850,Directed,1324,,,1
183649225024927,100186046779162,Directed,1325,,,1
183649225024927,256044471099295,Directed,1326,,,1
183649225024927,546782255345486,Directed,1327,,,1
183649225024927,346730152065281,Directed,1328,,,1
183649225024927,449911195028060,Directed,1329,,,1
183649225024927,260208470776861,Directed,1330,,,1
183649225024927,290539771077028,Directed,1331,,,1
183649225024927,463250697028789,Directed,1332,,,1
183649225024927,416458641715558,Directed,1333,,,1
183649225024927,186232664870032,Directed,1334,,,1
183649225024927,275845552527106,Directed,1335,,,1
183649225024927,14302129065,Directed,1336,,,1
183649225024927,114115315337739,Directed,1337,,,1
183649225024927,195184647254034,Directed,1338,,,1
183649225024927,108379099286148,Directed,1339,,,1
183649225024927,232287230205457,Directed,1340,,,1
183649225024927,124948924224350,Directed,1341,,,1
183649225024927,284260788250964,Directed,1342,,,1
183649225024927,156503417751582,Directed,1343,,,1
183649225024927,216439283312,Directed,1344,,,1
183649225024927,57022040758,Directed,1345,,,1
183649225024927,189924944361205,Directed,1346,,,1
183649225024927,194229153972356,Directed,1347,,,1
183649225024927,274992429193756,Directed,1348,,,1
57022040758,51955958533,Directed,1349,,,1
124948924224350,186232664870032,Directed,1350,,,1
124948924224350,274992429193756,Directed,1351,,,1
124948924224350,290539771077028,Directed,1352,,,1
124948924224350,546782255345486,Directed,1353,,,1
124948924224350,195184647254034,Directed,1354,,,1
124948924224350,156503417751582,Directed,1355,,,1
124948924224350,189924944361205,Directed,1356,,,1
124948924224350,57022040758,Directed,1357,,,1
189924944361205,156503417751582,Directed,1358,,,1
189924944361205,546782255345486,Directed,1359,,,1
189924944361205,195184647254034,Directed,1360,,,1
189924944361205,194229153972356,Directed,1361,,,1
189924944361205,274992429193756,Directed,1362,,,1
189924944361205,124948924224350,Directed,1363,,,1
189924944361205,57022040758,Directed,1364,,,1
189924944361205,216439283312,Directed,1365,,,1
194229153972356,546782255345486,Directed,1366,,,1
194229153972356,144494645722850,Directed,1367,,,1
194229153972356,136754833058809,Directed,1368,,,1
194229153972356,416458641715558,Directed,1369,,,1
194229153972356,274992429193756,Directed,1370,,,1
194229153972356,57022040758,Directed,1371,,,1
194229153972356,124948924224350,Directed,1372,,,1
194229153972356,216439283312,Directed,1373,,,1
194229153972356,183649225024927,Directed,1374,,,1
194229153972356,189924944361205,Directed,1375,,,1
1629939867277458,148349507804,Directed,1376,,,1
1629939867277458,97041406678,Directed,1377,,,1
1629939867277458,158190387560587,Directed,1378,,,1
1629939867277458,307867347023,Directed,1379,,,1
1506119609658663,1508014412803227,Directed,1380,,,1
298067193732972,259734367425344,Directed,1381,,,1
298067193732972,21793473043,Directed,1382,,,1
298067193732972,186676354713214,Directed,1383,,,1
298067193732972,99109427641,Directed,1384,,,1
1401242116757930,326797144544,Directed,1385,,,1
326797144544,1401242116757930,Directed,1386,,,1
326797144544,307867347023,Directed,1387,,,1
1413085582280482,307867347023,Directed,1388,,,1
1413085582280482,158190387560587,Directed,1389,,,1
1413085582280482,97041406678,Directed,1390,,,1
1413085582280482,287748444683052,Directed,1391,,,1
1413085582280482,193631447514110,Directed,1392,,,1
1413085582280482,515600455164384,Directed,1393,,,1
123243941056130,123243941056130,Directed,1394,,,1
123243941056130,307867347023,Directed,1395,,,1
123243941056130,281475481867946,Directed,1396,,,1
279350617739,307867347023,Directed,1397,,,1
409062972558113,307867347023,Directed,1398,,,1
409062972558113,14302129065,Directed,1399,,,1
409062972558113,97041406678,Directed,1400,,,1
162789783747966,301197456664021,Directed,1401,,,1
162789783747966,307867347023,Directed,1402,,,1
162789783747966,105597260718,Directed,1403,,,1
162789783747966,12415375791,Directed,1404,,,1
162789783747966,290731578078,Directed,1405,,,1
1645725225708665,159848270795155,Directed,1406,,,1
1645725225708665,55432788477,Directed,1407,,,1
1645725225708665,17136313137,Directed,1408,,,1
1645725225708665,193631447514110,Directed,1409,,,1
1645725225708665,123243941056130,Directed,1410,,,1
1645725225708665,158190387560587,Directed,1411,,,1
1490824904542864,324978082784,Directed,1412,,,1
420594668109932,254672267943304,Directed,1413,,,1
420594668109932,409062972558113,Directed,1414,,,1
420594668109932,148349507804,Directed,1415,,,1
420594668109932,280395962029361,Directed,1416,,,1
420594668109932,110955563771,Directed,1417,,,1
420594668109932,1524779097779678,Directed,1418,,,1
108379099286148,193631447514110,Directed,1419,,,1
152369524855313,148349507804,Directed,1420,,,1
152369524855313,101003743564271,Directed,1421,,,1
152369524855313,307867347023,Directed,1422,,,1
152369524855313,83065559474,Directed,1423,,,1
152369524855313,97041406678,Directed,1424,,,1
152369524855313,14302129065,Directed,1425,,,1
152369524855313,17136313137,Directed,1426,,,1
17136313137,21793473043,Directed,1427,,,1
17136313137,152369524855313,Directed,1428,,,1
582169155148474,216740968376511,Directed,1429,,,1
438113889610097,89146619663,Directed,1430,,,1
438113889610097,438113889610097,Directed,1431,,,1
438113889610097,216740968376511,Directed,1432,,,1
438113889610097,148349507804,Directed,1433,,,1
438113889610097,97041406678,Directed,1434,,,1
438113889610097,14302129065,Directed,1435,,,1
438113889610097,86869798098,Directed,1436,,,1
438113889610097,146881602044017,Directed,1437,,,1
1594162734205923,468651299852439,Directed,1438,,,1
1594162734205923,193631447514110,Directed,1439,,,1
1594162734205923,83065559474,Directed,1440,,,1
1608370549417983,1645725225708665,Directed,1441,,,1
1608370549417983,307867347023,Directed,1442,,,1
1608370549417983,193631447514110,Directed,1443,,,1
191841854203209,108379099286148,Directed,1444,,,1
191841854203209,232287230205457,Directed,1445,,,1
191841854203209,1422202204746857,Directed,1446,,,1
191841854203209,817856801562594,Directed,1447,,,1
191841854203209,307867347023,Directed,1448,,,1
191841854203209,86869798098,Directed,1449,,,1
191841854203209,193631447514110,Directed,1450,,,1
508408712654707,193631447514110,Directed,1451,,,1
829804810366956,1645725225708665,Directed,1452,,,1
829804810366956,193631447514110,Directed,1453,,,1
829804810366956,817856801562594,Directed,1454,,,1
298995413558534,1645725225708665,Directed,1455,,,1
298995413558534,307867347023,Directed,1456,,,1
298995413558534,829804810366956,Directed,1457,,,1
298995413558534,158190387560587,Directed,1458,,,1
298995413558534,817856801562594,Directed,1459,,,1
298995413558534,193631447514110,Directed,1460,,,1
1422202204746857,193631447514110,Directed,1461,,,1
432551683541698,83065559474,Directed,1462,,,1
432551683541698,216740968376511,Directed,1463,,,1
432551683541698,148349507804,Directed,1464,,,1
991864984168598,1594162734205923,Directed,1465,,,1
991864984168598,315691848625591,Directed,1466,,,1
991864984168598,1524779097779678,Directed,1467,,,1
991864984168598,136117926476442,Directed,1468,,,1
991864984168598,494796217322155,Directed,1469,,,1
991864984168598,279350617739,Directed,1470,,,1
991864984168598,280395962029361,Directed,1471,,,1
991864984168598,335748146479328,Directed,1472,,,1
991864984168598,168743617253,Directed,1473,,,1
991864984168598,158190387560587,Directed,1474,,,1
991864984168598,409062972558113,Directed,1475,,,1
991864984168598,104015739635258,Directed,1476,,,1
991864984168598,558040727622966,Directed,1477,,,1
991864984168598,468651299852439,Directed,1478,,,1
991864984168598,425542070822039,Directed,1479,,,1
991864984168598,171251403059325,Directed,1480,,,1
991864984168598,470933219592244,Directed,1481,,,1
991864984168598,112054555472842,Directed,1482,,,1
991864984168598,325105720994574,Directed,1483,,,1
991864984168598,237246116479100,Directed,1484,,,1
991864984168598,191167267615764,Directed,1485,,,1
991864984168598,110955563771,Directed,1486,,,1
991864984168598,233609130017513,Directed,1487,,,1
991864984168598,156992297688308,Directed,1488,,,1
991864984168598,136581166383109,Directed,1489,,,1
991864984168598,12415375791,Directed,1490,,,1
991864984168598,123243941056130,Directed,1491,,,1
991864984168598,1645725225708665,Directed,1492,,,1
991864984168598,307867347023,Directed,1493,,,1
280395962029361,112054555472842,Directed,1494,,,1
280395962029361,231038493528,Directed,1495,,,1
280395962029361,136117926476442,Directed,1496,,,1
280395962029361,494796217322155,Directed,1497,,,1
280395962029361,279350617739,Directed,1498,,,1
280395962029361,335748146479328,Directed,1499,,,1
280395962029361,324978082784,Directed,1500,,,1
280395962029361,196152333836717,Directed,1501,,,1
280395962029361,194971430602434,Directed,1502,,,1
280395962029361,281475481867946,Directed,1503,,,1
280395962029361,290731578078,Directed,1504,,,1
280395962029361,1645725225708665,Directed,1505,,,1
280395962029361,387710777966682,Directed,1506,,,1
280395962029361,100290213460126,Directed,1507,,,1
280395962029361,123243941056130,Directed,1508,,,1
280395962029361,136581166383109,Directed,1509,,,1
280395962029361,12415375791,Directed,1510,,,1
280395962029361,307867347023,Directed,1511,,,1
280395962029361,105597260718,Directed,1512,,,1
280395962029361,171497652907018,Directed,1513,,,1
280395962029361,193631447514110,Directed,1514,,,1
280395962029361,162789783747966,Directed,1515,,,1
159848270795155,12415375791,Directed,1516,,,1
1646211032336032,158190387560587,Directed,1517,,,1
1646211032336032,438973352975895,Directed,1518,,,1
1049494131750815,1645725225708665,Directed,1519,,,1
1049494131750815,307867347023,Directed,1520,,,1
370924116617,136581166383109,Directed,1521,,,1
370924116617,307867347023,Directed,1522,,,1
370924116617,26399672578,Directed,1523,,,1
370924116617,12415375791,Directed,1524,,,1
315691848625591,1524779097779678,Directed,1525,,,1
491511750900761,1524779097779678,Directed,1526,,,1
491511750900761,158190387560587,Directed,1527,,,1
101003743564271,991864984168598,Directed,1528,,,1
101003743564271,1645725225708665,Directed,1529,,,1
686428438152020,110955563771,Directed,1530,,,1
686428438152020,31790012966,Directed,1531,,,1
686428438152020,171280749364,Directed,1532,,,1
686428438152020,307867347023,Directed,1533,,,1
438221496348657,159764164040161,Directed,1534,,,1
438221496348657,225695683920,Directed,1535,,,1
751055421669801,1645725225708665,Directed,1536,,,1
751055421669801,12415375791,Directed,1537,,,1
751055421669801,324978082784,Directed,1538,,,1
751055421669801,279350617739,Directed,1539,,,1
751055421669801,158190387560587,Directed,1540,,,1
751055421669801,409062972558113,Directed,1541,,,1
751055421669801,468651299852439,Directed,1542,,,1
751055421669801,86869798098,Directed,1543,,,1
751055421669801,470933219592244,Directed,1544,,,1
751055421669801,110955563771,Directed,1545,,,1
751055421669801,156992297688308,Directed,1546,,,1
751055421669801,991864984168598,Directed,1547,,,1
751055421669801,307867347023,Directed,1548,,,1
51571361925,307867347023,Directed,1549,,,1
549937955142119,158190387560587,Directed,1550,,,1
233609130017513,817856801562594,Directed,1551,,,1
233609130017513,86869798098,Directed,1552,,,1
191167267615764,13062429163,Directed,1553,,,1
216740968376511,127030877316644,Directed,1554,,,1
216740968376511,130180763686565,Directed,1555,,,1
216740968376511,14302129065,Directed,1556,,,1
216740968376511,171280749364,Directed,1557,,,1
216740968376511,148349507804,Directed,1558,,,1
86869798098,307867347023,Directed,1559,,,1
1398413350410608,158190387560587,Directed,1560,,,1
425542070822039,155088471199849,Directed,1561,,,1
425542070822039,14302129065,Directed,1562,,,1
425542070822039,148349507804,Directed,1563,,,1
425542070822039,216740968376511,Directed,1564,,,1
668120649916798,193631447514110,Directed,1565,,,1
668120649916798,307867347023,Directed,1566,,,1
181604922036786,307867347023,Directed,1567,,,1
558040727622966,108379099286148,Directed,1568,,,1
558040727622966,470933219592244,Directed,1569,,,1
387710777966682,26399672578,Directed,1570,,,1
171497652907018,216740968376511,Directed,1571,,,1
171497652907018,193631447514110,Directed,1572,,,1
290731578078,151596644901231,Directed,1573,,,1
290731578078,193631447514110,Directed,1574,,,1
290731578078,162789783747966,Directed,1575,,,1
290731578078,307867347023,Directed,1576,,,1
335748146479328,991864984168598,Directed,1577,,,1
335748146479328,112054555472842,Directed,1578,,,1
335748146479328,307867347023,Directed,1579,,,1
105597260718,387710777966682,Directed,1580,,,1
105597260718,148349507804,Directed,1581,,,1
136581166383109,425542070822039,Directed,1582,,,1
136581166383109,281475481867946,Directed,1583,,,1
136581166383109,307867347023,Directed,1584,,,1
136581166383109,123243941056130,Directed,1585,,,1
